URL,Title
https://laws.boe.gov.sa/BoeLaws/Laws/LawDetails/16b97fcb-4833-4f66-8531-a9a700f161b6/1,النظام الأساسي للحكم
https://laws.boe.gov.sa/BoeLaws/Laws/LawDetails/b5cf540a-e6ac-426a-b348-a9a700f163de/1,نظام مجلس الشورى
https://laws.boe.gov.sa/BoeLaws/Laws/LawDetails/93e87aa7-f344-4711-b97c-a9a700f1662b/1,نظام مجلس الوزراء
https://laws.boe.gov.sa/BoeLaws/Laws/LawDetails/93f81644-fbbc-49ca-b33c-a9a700f16701/1,نظام المناطق
https://laws.boe.gov.sa/BoeLaws/Laws/LawDetails/3213c2f6-eaf8-45dc-8f8c-a9a700f167ee/1,نظام هيئة البيعة
https://laws.boe.gov.sa/BoeLaws/Laws/LawDetails/83431376-5cf3-4374-875a-a9a700f16985/1,نظام الإذاعة الأساسي
https://laws.boe.gov.sa/BoeLaws/Laws/LawDetails/0057fd8d-8ad4-48f9-b02f-a9a700f16a48/1,نظام دارة الملك عبد العزيز
https://laws.boe.gov.sa/BoeLaws/Laws/LawDetails/a4d3a985-a838-47e8-977e-a9a700f16c1c/1,نظام الوثائق والمحفوظات
https://laws.boe.gov.sa/BoeLaws/Laws/LawDetails/bdf15375-52e6-4c94-9153-a9a700f16cc3/1,نظام المركز الوطني للوثائق والمحفوظات
https://laws.boe.gov.sa/BoeLaws/Laws/LawDetails/fe1771f7-158f-4570-9bb1-a9a700f16dec/1,نظام مكتبة الملك عبد العزيز العامة
https://laws.boe.gov.sa/BoeLaws/Laws/LawDetails/ecaaec43-8ff9-46b8-b269-a9a700f16e66/1,نظام المطبوعات والنشر
https://laws.boe.gov.sa/BoeLaws/Laws/LawDetails/c385b62c-c635-484c-afa1-a9a700f16fe1/1,نظام المؤسسات الصحفية
https://laws.boe.gov.sa/BoeLaws/Laws/LawDetails/67d159e6-ee98-4efc-a2ee-a9a700f17083/1,نظام حماية حقوق المؤلف
https://laws.boe.gov.sa/BoeLaws/Laws/LawDetails/891a3908-3c1b-4b06-85ac-a9a700f17132/1,نظام مكتبة الملك فهد الوطنية
https://laws.boe.gov.sa/BoeLaws/Laws/LawDetails/dc90bcd7-26fe-44c0-a40d-a9a700f17216/1,نظام الإيداع
https://laws.boe.gov.sa/BoeLaws/Laws/LawDetails/77d77bae-afbb-4481-a1cd-a9a700f1744b/1,نظام عقوبات نشر الوثائق والمعلومات السرية وإفشائها
https://laws.boe.gov.sa/BoeLaws/Laws/LawDetails/ed5fdbc0-c183-4a8a-a8b7-a9ed004b5900/1,نظام الإعلام المرئي والمسموع
https://laws.boe.gov.sa/BoeLaws/Laws/LawDetails/f935b20b-e275-4f4f-9441-acad00e22fdb/1,نظام صندوق التنمية الثقافي
https://laws.boe.gov.sa/BoeLaws/Laws/LawDetails/c1878d16-7ce0-4710-993b-a9a700f17ac5/1,النظام الجزائي لجرائم التزوير
https://laws.boe.gov.sa/BoeLaws/Laws/LawDetails/f5b4288e-5625-4cf3-8ce8-a9a700f17bf9/1,نظام جوازات السفر السياسية والخاصة
https://laws.boe.gov.sa/BoeLaws/Laws/LawDetails/19945fe2-e690-4b24-9ab0-a9a700f17d03/1,نظام السجن والتوقيف
https://laws.boe.gov.sa/BoeLaws/Laws/LawDetails/ebd54fd4-fb61-458b-a837-a9a700f17e56/1,نظام عقوبات انتحال صفة رجل السلطة العامة
https://laws.boe.gov.sa/BoeLaws/Laws/LawDetails/75e963c8-9ff3-4d10-88a4-a9a700f17f21/1,نظام مكافحة الرشوة
https://laws.boe.gov.sa/BoeLaws/Laws/LawDetails/e29f08fa-d53e-4944-b22b-a9a700f17fd9/1,نظام وثائق السفر
https://laws.boe.gov.sa/BoeLaws/Laws/LawDetails/4a8842df-9cd1-4ee7-bf97-a9a700f180d4/1,نظام مكافحة غسل الأموال
https://laws.boe.gov.sa/BoeLaws/Laws/LawDetails/221b3286-a3c6-4ea4-97c7-a9a700f18273/1,نظام مكافحة المخدرات والمؤثرات العقلية
https://laws.boe.gov.sa/BoeLaws/Laws/LawDetails/a05632b0-ac19-4659-af2a-a9a700f18337/1,نظام المتفجرات والمفرقعات
https://laws.boe.gov.sa/BoeLaws/Laws/LawDetails/85364e57-c01e-41ba-8def-a9a700f183e9/1,نظام المرور
https://laws.boe.gov.sa/BoeLaws/Laws/LawDetails/d9f183b6-3afc-4405-834f-a9a700f18571/1,نظام الجنسية العربية السعودية
https://laws.boe.gov.sa/BoeLaws/Laws/LawDetails/8a1799f2-3cd4-4619-b2ce-a9a700f18741/1,النظام الجزائي الخاص بتزييف وتقليد النقود
https://laws.boe.gov.sa/BoeLaws/Laws/LawDetails/f62643d0-eff3-43c2-8629-a9a700f18812/1,نظام استبدال الغرامة بالحبس
https://laws.boe.gov.sa/BoeLaws/Laws/LawDetails/871b7db0-6d40-4380-90a1-a9a700f188c7/1,نظام أمن الحدود
https://laws.boe.gov.sa/BoeLaws/Laws/LawDetails/f09eda85-7150-4803-b87a-a9a700f189f3/1,نظام الدفاع المدني
https://laws.boe.gov.sa/BoeLaws/Laws/LawDetails/7e2b99b1-0e84-4dd1-90c7-a9a700f18cdf/1,نظام الأحوال المدنية
https://laws.boe.gov.sa/BoeLaws/Laws/LawDetails/51c9a546-fc5e-4607-ba34-a9a700f19012/1,نظام الحراسة الأمنية المدنية الخاصة
https://laws.boe.gov.sa/BoeLaws/Laws/LawDetails/a445af93-671f-496b-818a-a9a700f19150/1,نظام الأسلحة والذخائر
https://laws.boe.gov.sa/BoeLaws/Laws/LawDetails/2640f5ff-1f7b-49fc-a57c-a9a700f192c9/1,نظام مزاولة نقل النقود والمعادن الثمينة والمستندات ذات القيمة
https://laws.boe.gov.sa/BoeLaws/Laws/LawDetails/76988d51-8339-42a8-97d1-a9a700f194dc/1,النظام الأساسي لمركز المعلومات الجنائية لمكافحة المخدرات لمجلس التعاون لدول الخليج العربية
https://laws.boe.gov.sa/BoeLaws/Laws/LawDetails/ad0354f7-9756-4a4e-8948-a9a700f19705/1,نظام نقل معلومات المتعاملين مع المنشآت الخاصة إلكترونياً إلى مركز المعلومات الوطني في وزارة الداخلية (نظام شموس الأمني)
https://laws.boe.gov.sa/BoeLaws/Laws/LawDetails/6c421c5c-c137-442e-a854-b12200c46ffe/1,نظام حماية المبلغين والشهود والخبراء والضحايا
https://laws.boe.gov.sa/BoeLaws/Laws/LawDetails/57694209-3eed-46c7-a5d8-a9ed012761d4/1,نظام مكافحة جرائم الإرهاب وتمويله
https://laws.boe.gov.sa/BoeLaws/Laws/LawDetails/f9de1b7f-7526-4c44-b9f3-a9f8015cf5b6/1,نظام مكافحة جريمة التحرش
https://laws.boe.gov.sa/BoeLaws/Laws/LawDetails/469689de-5af0-4c28-b96c-b05a008bdda3/1,نظام استخدام وحماية شارة واسم الهلال الأحمر وما في حكمهما
https://laws.boe.gov.sa/BoeLaws/Laws/LawDetails/0657dfce-95f8-463a-9d87-aa3900ec7b51/1,نظام مكافحة غسل الأموال
https://laws.boe.gov.sa/BoeLaws/Laws/LawDetails/5e9762df-2b15-4e66-8cdc-aa5200f62042/1,نظام الإقامة المميزة
https://laws.boe.gov.sa/BoeLaws/Laws/LawDetails/9b461caf-dc11-46bd-a8fd-ac74009a8724/1,نظام خدمة الأفراد
https://laws.boe.gov.sa/BoeLaws/Laws/LawDetails/905e11b3-4d66-496c-9c1b-ad240106367f/1,نظام مكافحة الاحتيال المالي وخيانة الأمانة
https://laws.boe.gov.sa/BoeLaws/Laws/LawDetails/61fa8a49-aa1b-49ed-b9ad-adaa00dc6272/1,نظام مكافحة التسول
https://laws.boe.gov.sa/BoeLaws/Laws/LawDetails/b7cfae89-828e-4994-b167-adaa00e37188/1,نظام حماية البيانات الشخصية
https://laws.boe.gov.sa/BoeLaws/Laws/LawDetails/2716057c-c097-4bad-8e1e-ae1400c678d5/1,نظام الإثبات
https://laws.boe.gov.sa/BoeLaws/Laws/LawDetails/f3a44a6f-9217-478b-b7ca-af3401391514/1,نظام استخدام كاميرات المراقبة الأمنية
https://laws.boe.gov.sa/BoeLaws/Laws/LawDetails/b19a8aa6-7b50-43f0-ab8c-a9a700f1a446/1,نظام الوكالات التجارية
https://laws.boe.gov.sa/BoeLaws/Laws/LawDetails/2541255e-9e5b-4393-a8b0-a9a700f1a596/1,نظام صندوق الاستثمارات العامة
https://laws.boe.gov.sa/BoeLaws/Laws/LawDetails/cf510039-d022-421f-9901-a9a700f1a8a0/1,نظام محلات بيع المركبات الملغى تسجيلها
https://laws.boe.gov.sa/BoeLaws/Laws/LawDetails/95a6369d-d712-4028-842e-a9a700f1a957/1,نظام البيانات التجارية
https://laws.boe.gov.sa/BoeLaws/Laws/LawDetails/3ec4414f-2ec5-48b1-bcb4-a9a700f1aa2b/1,نظام العلامات التجارية
https://laws.boe.gov.sa/BoeLaws/Laws/LawDetails/3e1de77d-3cd1-44d8-b174-a9a700f1ab06/1,نظام الهيئة السعودية للمهندسين
https://laws.boe.gov.sa/BoeLaws/Laws/LawDetails/50924f95-f74e-430e-820c-a9a700f1abfa/1,نظام السوق المالية
https://laws.boe.gov.sa/BoeLaws/Laws/LawDetails/3e3c6fc3-9a45-4a0e-b28e-a9a700f1ad14/1,نظام مراقبة شركات التأمين التعاوني
https://laws.boe.gov.sa/BoeLaws/Laws/LawDetails/7b6436fd-e7c0-4a51-afcc-a9a700f1ae15/1,نظام الرهن التجاري
https://laws.boe.gov.sa/BoeLaws/Laws/LawDetails/6b615a05-f637-41cf-8419-a9a700f1afd7/1,نظام المنافسة
https://laws.boe.gov.sa/BoeLaws/Laws/LawDetails/3ab82e3c-de46-4463-a939-a9a700f1b2af/1,نظام المشاركة بالوقت فى الوحدات العقارية السياحية
https://laws.boe.gov.sa/BoeLaws/Laws/LawDetails/4763eb94-047b-46f1-9697-a9a700f1b7ed/1,نظام الأوراق التجارية
https://laws.boe.gov.sa/BoeLaws/Laws/LawDetails/7017dc70-15bb-4137-b87d-a9a700f1b950/1,نظام الصندوق السعودي للتنمية
https://laws.boe.gov.sa/BoeLaws/Laws/LawDetails/737705df-17ad-42b0-9094-a9a700f1bb61/1,نظام الغرف التجارية والصناعية
https://laws.boe.gov.sa/BoeLaws/Laws/LawDetails/05690bd6-2c75-4b65-a148-a9a700f1bccf/1,نظام الدفاتر التجارية
https://laws.boe.gov.sa/BoeLaws/Laws/LawDetails/56195fdf-46c2-44f0-88e5-a9a700f1be50/1,نظام المحاسبين القانونيين
https://laws.boe.gov.sa/BoeLaws/Laws/LawDetails/0bff0fae-8247-4b15-b514-a9a700f1bf3a/1,نظام السجل التجاري 1416
https://laws.boe.gov.sa/BoeLaws/Laws/LawDetails/3c49febc-f33e-4da9-97f7-a9a700f1c1e9/1,نظام الأسماء التجارية 1420هـ
https://laws.boe.gov.sa/BoeLaws/Laws/LawDetails/109578cc-5c5c-42a9-9bae-a9a700f1c2a8/1,النظام الأساسي لهيئة المحاسبة والمراجعة لدول مجلس التعاون
https://laws.boe.gov.sa/BoeLaws/Laws/LawDetails/f95138ff-0892-49b0-921c-a9a700f1c37f/1,نظام براءات الاختراع لدول مجلس التعاون لدول الخليج العربية
https://laws.boe.gov.sa/BoeLaws/Laws/LawDetails/6cfde53b-e803-49be-b2c6-a9a700f1c434/1,نظام براءات الاختراع والتصميمات التخطيطية للدارات المتكاملة والأصناف النباتية والنماذج الصناعية
https://laws.boe.gov.sa/BoeLaws/Laws/LawDetails/746f3ff2-0c3a-4b60-aac2-a9a700f1c4e8/1,النظام الأساسي لهيئة التقييس لدول مجلس التعاون لدول الخليج العربية
https://laws.boe.gov.sa/BoeLaws/Laws/LawDetails/0da0543b-72bf-4405-98f3-a9a700f1c593/1,القانون (النظام) الموحد لمكافحة الإغراق والتدابير التعويضية والوقائية لدول مجلس التعاون لدول الخليج العربية
https://laws.boe.gov.sa/BoeLaws/Laws/LawDetails/64aee787-4618-4979-b4d8-a9a700f1c647/1,نظام استيراد المواد الكيميائية وإدارتها (نظام إدارة المواد الكيميائية)
https://laws.boe.gov.sa/BoeLaws/Laws/LawDetails/c58ba10c-4e89-4c06-98d7-a9a700f1c706/1,النظام التجاري (نظام المحكمة التجارية)
https://laws.boe.gov.sa/BoeLaws/Laws/LawDetails/cad66e4d-38d3-4baa-8049-a9a700f1e7a8/1,نظام المقيمين المعتمدين
https://laws.boe.gov.sa/BoeLaws/Laws/LawDetails/d93b5ced-1adb-494d-85fd-a9a700f1e817/1,النظام الأساسي للمركز الإحصائي لدول مجلس التعاون لدول الخليج العربية
https://laws.boe.gov.sa/BoeLaws/Laws/LawDetails/b2d0decd-a691-45b9-9af0-a9a700f1e86f/1,قانون (نظام) العلامات التجارية لدول مجلس التعاون لدول الخليج العربية
https://laws.boe.gov.sa/BoeLaws/Laws/LawDetails/ebb751a1-6f0b-4595-9736-a9a700f1f47b/1,نظام مزاولة المهن الهندسية
https://laws.boe.gov.sa/BoeLaws/Laws/LawDetails/f98f4238-0289-4891-8a22-a9a700f1f538/1,نظام ضريبة القيمة المضافة
https://laws.boe.gov.sa/BoeLaws/Laws/LawDetails/68204119-84f1-4789-8fad-a9ec014c3788/1,نظام الإفلاس
https://laws.boe.gov.sa/BoeLaws/Laws/LawDetails/52da052e-9de3-4ead-abbf-aa3f00ef5083/1,نظام صندوق الاستثمارات العامة
https://laws.boe.gov.sa/BoeLaws/Laws/LawDetails/e3605c0d-ef87-4cff-b5da-aa3f0102bbb4/1,نظام المنافسة
https://laws.boe.gov.sa/BoeLaws/Laws/LawDetails/360de590-0286-4fa5-a243-aa9100c31979/1,نظام التجارة الإلكترونية
https://laws.boe.gov.sa/BoeLaws/Laws/LawDetails/24c563f9-7292-49c8-b0fb-aa9800b999f1/1,نظام المنافسات والمشتريات الحكومية
https://laws.boe.gov.sa/BoeLaws/Laws/LawDetails/e7bd6fcc-c29c-4696-8032-aae9009b113a/1,نظام الرهن التجاري
https://laws.boe.gov.sa/BoeLaws/Laws/LawDetails/af2a6b93-51dd-4f16-b781-aafd00d9fbbc/1,نظام الامتياز التجاري
https://laws.boe.gov.sa/BoeLaws/Laws/LawDetails/e2c00ba7-2af3-41fa-a1ab-ab9f00af1dec/1,نظام ضمان الحقوق بالأموال المنقولة
https://laws.boe.gov.sa/BoeLaws/Laws/LawDetails/bf9e0aae-6df6-4785-a305-ac2300bd0856/1,نظام مكافحة التستر
https://laws.boe.gov.sa/BoeLaws/Laws/LawDetails/85eb2897-bec6-4c0c-b1d7-ac7c008ec09c/1,نظام مكافحة الغش التجاري
https://laws.boe.gov.sa/BoeLaws/Laws/LawDetails/fb3e69e4-84a6-45b4-85d6-ac8c00cb3d67/1,نظام الغرف التجارية
https://laws.boe.gov.sa/BoeLaws/Laws/LawDetails/82b804f6-0075-47c2-a772-acc4002f8b3e/1,نظام معالجة المنشآت المالية المهمة
https://laws.boe.gov.sa/BoeLaws/Laws/LawDetails/6435e205-a7ae-4a8c-9580-ad0000b6bef2/1,نظام مهنة المحاسبة والمراجعة
https://laws.boe.gov.sa/BoeLaws/Laws/LawDetails/8af67ec1-6776-4f67-abb4-ad0900eadf2f/1,نظام التخصيص
https://laws.boe.gov.sa/BoeLaws/Laws/LawDetails/66eccea3-fc1c-471f-bcfa-ad9d009a7ec0/1,نظام تصنيف المقاولين
https://laws.boe.gov.sa/BoeLaws/Laws/LawDetails/c4af9503-d0f4-4d07-a7c3-add500a67d0c/1,نظام المدفوعات وخدماتها
https://laws.boe.gov.sa/BoeLaws/Laws/LawDetails/a8376aea-1bc3-49d4-9027-aed900b555af/1,نظام الشركات
https://laws.boe.gov.sa/BoeLaws/Laws/LawDetails/2ed6dfe1-d66e-41c8-bdf6-af4800cb050d/1,نظام بنك المنشآت الصغيرة والمتوسطة
https://laws.boe.gov.sa/BoeLaws/Laws/LawDetails/319fe343-cafd-4638-bc7d-af5e00b16b6b/1,نظام المعاملات التجارية في التجارة الدولية
https://laws.boe.gov.sa/BoeLaws/Laws/LawDetails/8799f302-3ad8-41ae-a8d8-b11d008a40f6/1,نظام صندوق البنية التحتية الوطني
https://laws.boe.gov.sa/BoeLaws/Laws/LawDetails/c487b0ff-8e52-442d-bf62-b1cd009fdc57/1,نظام المواصفات والجودة
https://laws.boe.gov.sa/BoeLaws/Laws/LawDetails/7f147afb-5a81-4744-a4bf-b1cd00b831ea/1,نظام سلامة المنتجات
https://laws.boe.gov.sa/BoeLaws/Laws/LawDetails/eda86cc3-3a00-4b90-900d-b1d000c8a863/1,نظام الاستثمار
https://laws.boe.gov.sa/BoeLaws/Laws/LawDetails/ad9ed861-70e6-4d31-9268-b20400d68915/1,نظام القياس والمعايرة
https://laws.boe.gov.sa/BoeLaws/Laws/LawDetails/d0e0ea69-e88b-471a-9773-b20900a51be6/1,نظام السجل التجاري
https://laws.boe.gov.sa/BoeLaws/Laws/LawDetails/d4801a45-7f76-4414-bdca-b20900db6fc4/1,نظام الأسماء التجارية
https://laws.boe.gov.sa/BoeLaws/Laws/LawDetails/9ba0d5dc-2dc4-4b71-b979-a9a700f1f5fd/1,نظام الأوسمة السعودية
https://laws.boe.gov.sa/BoeLaws/Laws/LawDetails/e1fd0b90-ced3-4402-ad60-a9a700f1f755/1,نظام الميداليات المدنية والعسكرية
https://laws.boe.gov.sa/BoeLaws/Laws/LawDetails/03de5462-eda0-4dd6-9efa-a9a700f1f802/1,نظام العلم للمملكة العربية السعودية
https://laws.boe.gov.sa/BoeLaws/Laws/LawDetails/b3f0cb3a-6338-4995-91d7-a9a700f1fad2/1,نظام معهد الدراسات الدبلوماسية
https://laws.boe.gov.sa/BoeLaws/Laws/LawDetails/4033de9e-45f5-406f-9b3c-a9a700f1fbf0/1,نظام مدينة الملك عبد العزيز للعلوم والتقنية
https://laws.boe.gov.sa/BoeLaws/Laws/LawDetails/a6843359-3237-4553-8271-a9a700f1fcda/1,نظام مجلس التعليم العالي والجامعات
https://laws.boe.gov.sa/BoeLaws/Laws/LawDetails/dbc3e41b-e877-48f2-a213-a9a700f1fdab/1,نظام إنتاج المواد التعليمية المساعدة وتسويقها
https://laws.boe.gov.sa/BoeLaws/Laws/LawDetails/7797548e-f8c5-4042-a383-a9a700f1fe68/1,نظام معهد الإدارة العامة
https://laws.boe.gov.sa/BoeLaws/Laws/LawDetails/f457818f-2d89-4339-b7e7-a9a700f1fff2/1,نظام تعليم الكبار ومحو الأمية في المملكة العربية السعودية
https://laws.boe.gov.sa/BoeLaws/Laws/LawDetails/4db42334-ba00-47bf-b9f9-a9f4016e0ac1/1,النظام الأساس لجمعية الكشافة العربية السعودية
https://laws.boe.gov.sa/BoeLaws/Laws/LawDetails/8ee74282-7f0d-49ff-b6ee-aafc00a3d801/1,نظام الجامعات
https://laws.boe.gov.sa/BoeLaws/Laws/LawDetails/c3825760-995a-4f0e-83ca-af230115f2f5/1,النظام الأساس لجامعة الملك سعود (مؤسسة أكاديمية مستقلة غير هادفة للربح)
https://laws.boe.gov.sa/BoeLaws/Laws/LawDetails/23b12c1f-6823-4759-982e-a9a700f2031a/1,نظام الأئمة والمؤذنين وخدم المساجد
https://laws.boe.gov.sa/BoeLaws/Laws/LawDetails/c57d7f19-9b3e-4161-bb91-a9a700f203fb/1,نظام نقل الحجاج إلى المملكة وإعادتهم إلى بلادهم
https://laws.boe.gov.sa/BoeLaws/Laws/LawDetails/f55f0003-8b87-4ff0-8f0f-a9a700f20578/1,نظام خدمة حجاج الداخل
https://laws.boe.gov.sa/BoeLaws/Laws/LawDetails/962235c2-9fa8-4c1a-b835-aa6400dd851e/1,نظام مقدمي خدمة حجاج الخارج
https://laws.boe.gov.sa/BoeLaws/Laws/LawDetails/ece2f7dc-db78-4ba4-a9e4-a9a700f20da3/1,نظام الطرق والمباني
https://laws.boe.gov.sa/BoeLaws/Laws/LawDetails/3563a355-6ff9-4296-af66-a9a700f20e70/1,نظام الإحصاءات العامة للدولة
https://laws.boe.gov.sa/BoeLaws/Laws/LawDetails/0fceb9eb-d143-4d87-8a47-a9a700f20f2e/1,نظام تعداد السكان العام
https://laws.boe.gov.sa/BoeLaws/Laws/LawDetails/81bd35e9-ee8d-47bf-97c7-a9a700f2100a/1,نظام التصرف في العقارات البلدية
https://laws.boe.gov.sa/BoeLaws/Laws/LawDetails/76ad693d-d427-4de8-8980-a9a700f210be/1,نظام صندوق التنمية العقارية1394هـ
https://laws.boe.gov.sa/BoeLaws/Laws/LawDetails/e5f63d07-7de5-4a4d-a02f-a9a700f21187/1,نظام البلديات والقرى
https://laws.boe.gov.sa/BoeLaws/Laws/LawDetails/70405759-cf34-4260-a81e-a9a700f21241/1,نظام حماية المرافق العامة
https://laws.boe.gov.sa/BoeLaws/Laws/LawDetails/753d7ffc-5e18-4f36-818d-a9a700f213a1/1,نظام تملك غير السعوديين للعقار واستثماره
https://laws.boe.gov.sa/BoeLaws/Laws/LawDetails/c104908b-d32d-411a-b71e-a9a700f214b0/1,نظام ملكية الوحدات العقارية وفرزها
https://laws.boe.gov.sa/BoeLaws/Laws/LawDetails/eb5cc9e3-b938-42db-b375-a9a700f2156b/1,نظام التسجيل العيني للعقار 1423هـ
https://laws.boe.gov.sa/BoeLaws/Laws/LawDetails/9cff56dc-09be-45e1-a736-a9a700f218db/1,نظام الأنشطة المقلقة للراحة أو الخطرة أو المضرة بالصحة أو البيئة
https://laws.boe.gov.sa/BoeLaws/Laws/LawDetails/25450917-e26c-4532-a75f-a9a700f21996/1,نظام نزع ملكية العقارات للمنفعة العامة ووضع اليد المؤقت على العقار
https://laws.boe.gov.sa/BoeLaws/Laws/LawDetails/de0a2f61-27e3-47fa-a710-a9a700f21a67/1,نظام إدارة النفايات البلدية الصلبة
https://laws.boe.gov.sa/BoeLaws/Laws/LawDetails/1dd4c3d4-f4e9-4c15-852f-a9a700f21cab/1,نظام إجراءات التراخيص البلدية
https://laws.boe.gov.sa/BoeLaws/Laws/LawDetails/9da91b16-62ba-41d8-b6f7-a9a700f21d07/1,نظام المجالس البلدية
https://laws.boe.gov.sa/BoeLaws/Laws/LawDetails/6932e745-0f61-4f25-9e4a-a9a700f21d6b/1,نظام رسوم الأراضي البيضاء
https://laws.boe.gov.sa/BoeLaws/Laws/LawDetails/cfc97985-4a9f-4012-832b-a9a700f21ed2/1,نظام تطبيق كود البناء السعودي
https://laws.boe.gov.sa/BoeLaws/Laws/LawDetails/2d8aa57a-3b29-438e-a686-acae00b6728d/1,نظام صندوق التنمية العقارية
https://laws.boe.gov.sa/BoeLaws/Laws/LawDetails/4d5bda56-cc0d-4b16-a025-ad9d00b281ab/1,نظام إدارة النفايات
https://laws.boe.gov.sa/BoeLaws/Laws/LawDetails/c9756bfb-ff81-4226-a820-ae8200dc074c/1,نظام التسجيل العيني للعقار
https://laws.boe.gov.sa/BoeLaws/Laws/LawDetails/f1bfd1f1-0c50-468e-b9a5-aeee008e493a/1,نظام الوساطة العقارية
https://laws.boe.gov.sa/BoeLaws/Laws/LawDetails/220f5444-31ee-4132-8712-aeee00ac1ba3/1,نظام استئجار الدولة للعقار
https://laws.boe.gov.sa/BoeLaws/Laws/LawDetails/5efb6f40-d859-47e6-9c8a-b04500943ecc/1,نظام المساهمات العقارية
https://laws.boe.gov.sa/BoeLaws/Laws/LawDetails/d19fbfe8-6517-4e8b-b06a-b09000cefe1b/1,نظام ملكية الوحدات العقارية وفرزها وإدارتها
https://laws.boe.gov.sa/BoeLaws/Laws/LawDetails/99613e6a-6b85-423c-87af-b0ec00b4633e/1,نظام بيع وتأجير مشروعات عقارية على الخارطة
https://laws.boe.gov.sa/BoeLaws/Laws/LawDetails/eef585a5-c63a-4906-a951-b208009b3eff/1,نظام ضريبة التصرفات العقارية
https://laws.boe.gov.sa/BoeLaws/Laws/LawDetails/0838afd4-ca76-4b4a-b1d1-a9a700f22afd/1,نظام التقاعد العسكري
https://laws.boe.gov.sa/BoeLaws/Laws/LawDetails/e36e899b-f29b-4db0-8b71-a9a700f23065/1,نظام الكليات العسكرية
https://laws.boe.gov.sa/BoeLaws/Laws/LawDetails/11d3d5b0-dddf-443a-9851-a9a700f23208/1,نظام مجلس الخدمة العسكرية
https://laws.boe.gov.sa/BoeLaws/Laws/LawDetails/ea6489f2-9c4e-43ce-892e-a9a700f23355/1,نظام الأنواط العسكرية السعودية ولائحته التنظيمية
https://laws.boe.gov.sa/BoeLaws/Laws/LawDetails/985cf9ba-02ec-4eb1-9e36-a9a700f23514/1,نظام الملابس والتجهيزات العسكرية الفردية
https://laws.boe.gov.sa/BoeLaws/Laws/LawDetails/8a12c94e-5a31-45cf-9c57-ac4400be8677/1,نظام خدمة الضباط
https://laws.boe.gov.sa/BoeLaws/Laws/LawDetails/b2a002e4-a3da-474b-9735-a9a700f2386c/1,نظام الوزراء ونواب الوزراء وموظفي المرتبة الممتازة
https://laws.boe.gov.sa/BoeLaws/Laws/LawDetails/859d4e56-627b-4766-a7aa-a9a700f23975/1,نظام التقاعد المدني
https://laws.boe.gov.sa/BoeLaws/Laws/LawDetails/32f651e6-2976-439c-b418-a9a700f23fb2/1,نظام الخدمة المدنية
https://laws.boe.gov.sa/BoeLaws/Laws/LawDetails/1fe7fe77-d349-4fae-a561-a9a700f23a89/1,نظام مجلس الخدمة المدنية
https://laws.boe.gov.sa/BoeLaws/Laws/LawDetails/ae482429-33b8-4e3f-a3ae-a9a700f23d5c/1,نظام تبادل المنافع بين نظامي التقاعد المدني والعسكري ونظام التأمينات الإجتماعية
https://laws.boe.gov.sa/BoeLaws/Laws/LawDetails/fc9ac74c-fc7d-4456-a0e2-a9a700f23eff/1,النظام الموحد لمد الحماية التأمينية لمواطني دول مجلس التعاون لدول الخليج العربية العاملين في غير دولهم في أي دولة عضو في المجلس
https://laws.boe.gov.sa/BoeLaws/Laws/LawDetails/896f4986-334b-4c76-b938-ada500eae2eb/1,نظام الانضباط الوظيفي
https://laws.boe.gov.sa/BoeLaws/Laws/LawDetails/c1a70c2f-ba99-45ce-9dd8-a9a700f243ef/1,نظام توزيع الأراضي البور
https://laws.boe.gov.sa/BoeLaws/Laws/LawDetails/37f95015-f360-45be-8f91-a9a700f244c1/1,نظام المؤسسة العامة لتحلية المياه المالحة
https://laws.boe.gov.sa/BoeLaws/Laws/LawDetails/588efd09-dc0d-4491-82e4-a9a700f245f6/1,نظام المحافظة على مصادر المياه
https://laws.boe.gov.sa/BoeLaws/Laws/LawDetails/c440e774-b1d8-42f5-9169-a9a700f24951/1,نظام مياه الصرف الصحي المعالجة وإعادة استخدامها
https://laws.boe.gov.sa/BoeLaws/Laws/LawDetails/965f24c7-0ddb-4d8f-a658-a9a700f24b24/1,نظام الثروة الحيوانية
https://laws.boe.gov.sa/BoeLaws/Laws/LawDetails/e74c8b2e-f6e6-4eaf-ad6d-a9a700f24e39/1,نظام صيد واستثمار وحماية الثروات المائية الحية في المياه الاقليمية للمملكة العربية السعودية
https://laws.boe.gov.sa/BoeLaws/Laws/LawDetails/799f2563-d262-4444-9646-a9a700f24f08/1,نظام البحث العلمي البحري في المناطق البحرية التابِعة للمملكة العربية السعودية
https://laws.boe.gov.sa/BoeLaws/Laws/LawDetails/c46966ec-0e03-41a3-96fa-a9a700f250b1/1,نظام (قانون) الحجر الزراعي لدول مجلس التعاون لدول الخليج العربية
https://laws.boe.gov.sa/BoeLaws/Laws/LawDetails/ae6dac2c-6da4-47fc-b605-a9a700f251c2/1,نظام (قانون) الحجر البيطري لدول مجلس التعاون لدول الخليج العربية
https://laws.boe.gov.sa/BoeLaws/Laws/LawDetails/e2263a48-092e-481d-84e5-a9a700f2529e/1,قانون (نظام) الأسمدة ومحسنات التربة الزراعية في دول مجلس التعاون لدول الخليج العربية
https://laws.boe.gov.sa/BoeLaws/Laws/LawDetails/9b79b62a-da9e-4f66-8a7d-a9a700f25369/1,قانون (نظام) المبيدات في دول مجلس التعاون لدول الخليج العربية
https://laws.boe.gov.sa/BoeLaws/Laws/LawDetails/a5fa054e-a124-4cce-96a2-a9a700f254a0/1,نظام تربية النحل
https://laws.boe.gov.sa/BoeLaws/Laws/LawDetails/98b1d2e8-4724-439b-af00-a9a700f255ef/1,نظام المناطق البحرية للمملكة العربية السعودية
https://laws.boe.gov.sa/BoeLaws/Laws/LawDetails/e37044a1-c673-4e80-af59-a9a700f25663/1,نظام الزراعة العضوية
https://laws.boe.gov.sa/BoeLaws/Laws/LawDetails/b8a7e5ff-d9a4-466b-b4b8-a9a700f256e1/1,نظام الأعلاف
https://laws.boe.gov.sa/BoeLaws/Laws/LawDetails/6f3797d0-fc94-4930-b5e3-a9a700f25744/1,قانون (نظام) الرفق بالحيوان لدول مجلس التعاون لدول الخليج العربية
https://laws.boe.gov.sa/BoeLaws/Laws/LawDetails/f0761b32-f420-4435-bd2f-a9a700f25a36/1,النظام الأساسي للمجلس الدولي للتمور
https://laws.boe.gov.sa/BoeLaws/Laws/LawDetails/552d21ef-81c0-4373-bd8a-a9f6016398ef/1,نظام التعامل مع الموارد الوراثية النباتية للأغذية والزراعة
https://laws.boe.gov.sa/BoeLaws/Laws/LawDetails/7dd058e6-3f77-4eaa-a069-a9f801447c70/1,نظام مطاحن إنتاج الدقيق
https://laws.boe.gov.sa/BoeLaws/Laws/LawDetails/57261279-94b7-4ddc-8ad2-abf100d246be/1,نظام المياه
https://laws.boe.gov.sa/BoeLaws/Laws/LawDetails/63831ff6-63d9-4212-8b54-abf800e146bd/1,نظام البيئة
https://laws.boe.gov.sa/BoeLaws/Laws/LawDetails/d113fa79-5ad8-42b1-9955-acfb00a2c7ed/1,نظام الزراعة
https://laws.boe.gov.sa/BoeLaws/Laws/LawDetails/cd3a793a-ab18-4ad3-b28e-ad2e00a7f88f/1,نظام الأرصاد
https://laws.boe.gov.sa/BoeLaws/Laws/LawDetails/159008ad-198a-4439-b28b-b081009b92c2/1,نظام صندوق التنمية الزراعية
https://laws.boe.gov.sa/BoeLaws/Laws/LawDetails/2072c9ff-5a70-444e-91cc-a9a700f26346/1,نظام تركيز مسؤوليات القضاء الشرعي
https://laws.boe.gov.sa/BoeLaws/Laws/LawDetails/e143d9d5-1889-45d8-8d99-a9a700f263cd/1,نظام محاكمة الوزراء
https://laws.boe.gov.sa/BoeLaws/Laws/LawDetails/5535039e-13da-43f6-8f53-a9a700f26485/1,نظام التحكيم
https://laws.boe.gov.sa/BoeLaws/Laws/LawDetails/ac892eff-4aa4-4b26-b312-a9a700f2663d/1,نظام هيئة التحقيق والادعاء العام ( نظام النيابة العامة )
https://laws.boe.gov.sa/BoeLaws/Laws/LawDetails/f0eaae46-9f84-40ee-815e-a9a700f268b3/1,نظام المرافعات الشرعية
https://laws.boe.gov.sa/BoeLaws/Laws/LawDetails/f42655be-79b0-4fd4-bb90-a9a700f26a3e/1,نظام المحاماة
https://laws.boe.gov.sa/BoeLaws/Laws/LawDetails/8f1b7079-a5f0-425d-b5e0-a9a700f26b2d/1,نظام الإجراءات الجزائية
https://laws.boe.gov.sa/BoeLaws/Laws/LawDetails/6a8286ec-baea-43ec-ab0d-a9a700f26c94/1,نظام الهيئة العامة للولاية على أموال القاصرين ومن فى حكمهم
https://laws.boe.gov.sa/BoeLaws/Laws/LawDetails/ea1765a3-dec3-41a0-a32f-a9a700f26d58/1,نظام القضاء
https://laws.boe.gov.sa/BoeLaws/Laws/LawDetails/5d3379bd-3547-494e-9fbd-a9a700f26e24/1,نظام ديوان المظالم
https://laws.boe.gov.sa/BoeLaws/Laws/LawDetails/4e09c59d-f173-4971-8a38-a9a700f27025/1,نظام مكافحة جرائم الاتجار بالأشخاص
https://laws.boe.gov.sa/BoeLaws/Laws/LawDetails/c81ba2f1-1bf1-443b-9b1c-a9a700f27110/1,نظام التنفيذ
https://laws.boe.gov.sa/BoeLaws/Laws/LawDetails/f2f7b465-b576-4f47-a8e7-a9a700f27202/1,نظام المرافعات أمام ديوان المظالم
https://laws.boe.gov.sa/BoeLaws/Laws/LawDetails/2d3cb83a-0379-4cde-8e0b-a9a700f272bd/1,نظام حماية الطفل
https://laws.boe.gov.sa/BoeLaws/Laws/LawDetails/43c53ab1-1cb3-4d76-ab39-a9f5012d437c/1,النظام الأساسي للهيئة القضائية الاقتصادية لمجلس التعاون لدول الخليج العربية
https://laws.boe.gov.sa/BoeLaws/Laws/LawDetails/38334008-3b70-4c6c-b3af-aba3016a8061/1,نظام المحاكم التجارية
https://laws.boe.gov.sa/BoeLaws/Laws/LawDetails/40754577-f250-47f6-8a5a-abf600af7d72/1,نظام التوثيق
https://laws.boe.gov.sa/BoeLaws/Laws/LawDetails/3e368087-7b31-46e7-8005-ada100b8f703/1,نظام التكاليف القضائية
https://laws.boe.gov.sa/BoeLaws/Laws/LawDetails/ae1d79bf-3716-4bc5-a85e-ada100c8a870/1,نظام التنفيذ أمام ديوان المظالم
https://laws.boe.gov.sa/BoeLaws/Laws/LawDetails/4d72d829-947b-45d5-b9b5-ae5800d6bac2/1,نظام الأحوال الشخصية
https://laws.boe.gov.sa/BoeLaws/Laws/LawDetails/655fdb42-8c96-422b-b8c4-b04f0095c94c/1,نظام المعاملات المدنية
https://laws.boe.gov.sa/BoeLaws/Laws/LawDetails/a7d4493b-7c03-4c2d-b3c6-a9a700f275cd/1,نظام الآثار والمتاحف والتراث العمراني
https://laws.boe.gov.sa/BoeLaws/Laws/LawDetails/8161ec24-d5e0-48b4-8392-a9a700f278d8/1,نظام حماية التراث المخطوط في المملكة العربية السعودية
https://laws.boe.gov.sa/BoeLaws/Laws/LawDetails/0f0ebdaa-a50b-4410-9460-abe500b03486/1,نظام صندوق التنمية السياحي
https://laws.boe.gov.sa/BoeLaws/Laws/LawDetails/7d777c66-d28b-43de-9305-af23013b1738/1,نظام السياحة
https://laws.boe.gov.sa/BoeLaws/Laws/LawDetails/bbfab460-8fe8-4425-9202-a9a700f27ba7/1,نظام جمعية الكشافة العربية السعودية
https://laws.boe.gov.sa/BoeLaws/Laws/LawDetails/040228ce-9ca5-4666-aab1-a9a700f27c6d/1,النظام الأساسي للاتحادات الرياضية واللجنة الأولمبية العربية السعودية
https://laws.boe.gov.sa/BoeLaws/Laws/LawDetails/d805702d-77b9-40d0-92bd-a9a700f27da2/1,نظام أندية السيارات والدراجات النارية
https://laws.boe.gov.sa/BoeLaws/Laws/LawDetails/6c8d5fc7-ce6c-4636-9c72-a9a700f28290/1,نظام الهيئة السعودية للتخصصات الصحية
https://laws.boe.gov.sa/BoeLaws/Laws/LawDetails/4c55f487-89fa-4d0f-80f1-a9a700f2835e/1,نظام المختبرات الخاصة
https://laws.boe.gov.sa/BoeLaws/Laws/LawDetails/1169b2b7-4e7d-4775-86b0-a9a700f2841e/1,النظام الصحي
https://laws.boe.gov.sa/BoeLaws/Laws/LawDetails/64e307c5-ac8c-49d8-9174-a9a700f285a0/1,نظام المؤسسات الصحية الخاصة
https://laws.boe.gov.sa/BoeLaws/Laws/LawDetails/4943163b-a079-4beb-b544-a9a700f286b1/1,نظام وحدات الإخصاب والأجنة وعلاج العقم
https://laws.boe.gov.sa/BoeLaws/Laws/LawDetails/8d68a28a-3ca8-4093-8f53-a9a700f28818/1,نظام تداول بدائل حليب الأم
https://laws.boe.gov.sa/BoeLaws/Laws/LawDetails/81556dde-a88b-460f-b96a-a9a700f288d6/1,النظام الموحد لإدارة نفايات الرعاية الصحية بدول مجلس التعاون لدول الخليج العربية
https://laws.boe.gov.sa/BoeLaws/Laws/LawDetails/f1de206c-eef4-4a76-904a-a9a700f2899a/1,نظام مزاولة المهن الصحية
https://laws.boe.gov.sa/BoeLaws/Laws/LawDetails/dd7a7d7d-a92d-431b-9ec3-a9a700f28a46/1,نظام الهيئة العامة للغذاء والدواء
https://laws.boe.gov.sa/BoeLaws/Laws/LawDetails/fad7b0d1-e536-46ea-8202-a9a700f28b03/1,نظام أخلاقيات البحث على المخلوقات الحية
https://laws.boe.gov.sa/BoeLaws/Laws/LawDetails/1b787adb-3b1e-4b69-b04d-a9a700f28ca6/1,نظام المراقبة الصحية في منافذ الدخول
https://laws.boe.gov.sa/BoeLaws/Laws/LawDetails/107f22b5-81a2-47ee-84bc-a9a700f2907a/1,نظام الرعاية الصحية النفسية
https://laws.boe.gov.sa/BoeLaws/Laws/LawDetails/9167ec51-a011-4a22-b6c3-a9a700f290f8/1,نظام الغذاء
https://laws.boe.gov.sa/BoeLaws/Laws/LawDetails/2682df03-16ab-4d93-b19d-a9a700f2915b/1,نظام منتجات التجميل
https://laws.boe.gov.sa/BoeLaws/Laws/LawDetails/93b6f7f3-1083-46e7-b30e-a9a700f291b0/1,نظام مكافحة التدخين
https://laws.boe.gov.sa/BoeLaws/Laws/LawDetails/9d240ae2-a709-48ee-ac82-a9ed0119f62d/1,نظام الوقاية من متلازمة العوز المناعي المكتسب (الإيدز) وحقوق المصابين وواجباتهم
https://laws.boe.gov.sa/BoeLaws/Laws/LawDetails/3d191772-e60b-4925-b5e7-aba50097641f/1,نظام المنشآت والمستحضرات الصيدلانية والعشبية
https://laws.boe.gov.sa/BoeLaws/Laws/LawDetails/9daec1bf-6bda-4a65-a111-ace90163af7e/1,نظام الأجهزة والمستلزمات الطبية
https://laws.boe.gov.sa/BoeLaws/Laws/LawDetails/4a16fbc8-7f1d-4647-8acc-ad0900d849c2/1,نظام التبرع بالأعضاء البشرية
https://laws.boe.gov.sa/BoeLaws/Laws/LawDetails/cdb31382-3f97-4232-82e8-ae0b00dc2727/1,النظام الأساس لمستشفى الملك فيصل التخصصي ومركز الأبحاث (مؤسسة مستقلة ذات طبيعة خاصة وغير هادفة للربح)
https://laws.boe.gov.sa/BoeLaws/Laws/LawDetails/33531bcc-0d4d-4193-9703-a9a700f2947a/1,نظام حماية وتشجيع الصناعات الوطنية
https://laws.boe.gov.sa/BoeLaws/Laws/LawDetails/407a32f0-2e60-4c3e-9994-a9a700f2952a/1,نظام صندوق التنمية الصناعية السعودي
https://laws.boe.gov.sa/BoeLaws/Laws/LawDetails/0f54d227-1450-4231-93cd-a9a700f29821/1,نظام المعادن الثمينة والأحجار الكريمة
https://laws.boe.gov.sa/BoeLaws/Laws/LawDetails/66c640db-fbb2-45fc-a797-a9a700f29c6a/1,قانون (نظام) التنظيم الصناعي الموحد لدول مجلس التعاون لدول الخليج العربية
https://laws.boe.gov.sa/BoeLaws/Laws/LawDetails/fb8ea19c-6437-403b-933b-a9a700f29fba/1,نظام مدينة الملك عبدالله للطاقة الذرية والمتجددة
https://laws.boe.gov.sa/BoeLaws/Laws/LawDetails/652bbeb0-fb94-4f08-b70c-a9a700f2a0c2/1,القانون (النظام) الموحد للتعدين لدول مجلس التعاون
https://laws.boe.gov.sa/BoeLaws/Laws/LawDetails/c1a67dbf-6959-437d-bb86-a9a700f2a126/1,النظام الموحد بشأن المواد المستنفدة لطبقة الأوزون لدول مجلس التعاون لدول الخليج العربية (المعدل)
https://laws.boe.gov.sa/BoeLaws/Laws/LawDetails/e4436403-31ee-439c-bac4-a9a700f2a17d/1,نظام توزيع الغاز الجاف وغاز البترول السائل للأغراض السكنية والتجارية
https://laws.boe.gov.sa/BoeLaws/Laws/LawDetails/e102ee5b-3046-41c5-9515-a9ea000206eb/1,نظام التجارة بالمنتجات البترولية
https://laws.boe.gov.sa/BoeLaws/Laws/LawDetails/7ea51f01-916d-4f4b-81b3-a9ed010a6dc5/1,نظام المواد الهيدروكربونية
https://laws.boe.gov.sa/BoeLaws/Laws/LawDetails/c447d12a-6c10-40c2-a51e-a9f7000a97cb/1,نظام الرقابة على الاستخدامات النووية والاشعاعية
https://laws.boe.gov.sa/BoeLaws/Laws/LawDetails/2a68bdd7-6395-417e-be02-a9f70181b49c/1,نظام المسؤولية المدنية عن الأضرار النووية
https://laws.boe.gov.sa/BoeLaws/Laws/LawDetails/9560f620-e77e-476c-b9ea-abdd00b87480/1,نظام الاستــثمار التعديني
https://laws.boe.gov.sa/BoeLaws/Laws/LawDetails/b3060214-c11a-4709-b191-aca700cbcc58/1,نظام الكهرباء
https://laws.boe.gov.sa/BoeLaws/Laws/LawDetails/c1777105-e927-4fa8-978d-af9900e23e18/1,نظام إمدادات الطاقة
https://laws.boe.gov.sa/BoeLaws/Laws/LawDetails/87c1482d-fa95-41ea-98b6-a9a700f2a529/1,نظام الضمان الصحي التعاوني
https://laws.boe.gov.sa/BoeLaws/Laws/LawDetails/8ff3cd90-e466-4bf9-a071-a9a700f2a70d/1,نظام التأمينات الاجتماعية 1421هـ
https://laws.boe.gov.sa/BoeLaws/Laws/LawDetails/872950d8-7059-41fd-a6f1-a9a700f2a962/1,نظام رعاية المعوقين
https://laws.boe.gov.sa/BoeLaws/Laws/LawDetails/08381293-6388-48e2-8ad2-a9a700f2aa94/1,نظام العمل
https://laws.boe.gov.sa/BoeLaws/Laws/LawDetails/0264f52c-70bd-40f2-94c1-a9a700f2b561/1,نظام الجمعيات التعاونية
https://laws.boe.gov.sa/BoeLaws/Laws/LawDetails/83f450eb-7985-461f-b053-a9a700f2ba08/1,نظام الحماية من الإيذاء
https://laws.boe.gov.sa/BoeLaws/Laws/LawDetails/c331efa7-58ec-48c9-b70e-a9a700f2ba82/1,نظام التأمين ضد التعطل عن العمل
https://laws.boe.gov.sa/BoeLaws/Laws/LawDetails/37e0768f-8e3c-493a-b951-a9a700f2bbb1/1,نظام الجمعيات والمؤسسات الأهلية
https://laws.boe.gov.sa/BoeLaws/Laws/LawDetails/cabff788-438d-4003-be74-a9a700f2bcde/1,نظام الهيئة العامة للأوقاف
https://laws.boe.gov.sa/BoeLaws/Laws/LawDetails/4ec27eee-f917-408c-85eb-a9f6011ea426/1,نظام الأحداث
https://laws.boe.gov.sa/BoeLaws/Laws/LawDetails/a122634e-98ea-4e40-b4dd-ab5700c51c7d/1,نظام العمل التطوعي
https://laws.boe.gov.sa/BoeLaws/Laws/LawDetails/7799b707-e228-452c-8b19-ac7b00b4b64e/1,نظام الضمان الاجتماعي
https://laws.boe.gov.sa/BoeLaws/Laws/LawDetails/3c63e654-4046-468d-93fd-ae1a00de13be/1,نظام حقوق كبير السن ورعايته
https://laws.boe.gov.sa/BoeLaws/Laws/LawDetails/e52b691a-785c-42a7-8916-b07d00e4fd38/1,نظام حقوق الأشخاص ذوي الإعاقة
https://laws.boe.gov.sa/BoeLaws/Laws/LawDetails/eaee8a20-3a54-4aaf-b0d9-b1ad00998962/1,نظام التأمينات الاجتماعية
https://laws.boe.gov.sa/BoeLaws/Laws/LawDetails/738c42bb-a29f-4da7-bed4-b1d300a55f20/1,نظام جمع التبرعات
https://laws.boe.gov.sa/BoeLaws/Laws/LawDetails/25fed59a-2790-4a77-ab11-a9a700f2c5fd/1,نظام جباية الزكاة
https://laws.boe.gov.sa/BoeLaws/Laws/LawDetails/8f70dc63-dd9a-4734-9216-a9a700f2c78c/1,نظام مراقبة البنوك
https://laws.boe.gov.sa/BoeLaws/Laws/LawDetails/5dc538d4-5bbd-4995-8f0c-a9a700f2c88c/1,نظام ديوان المراقبة العامة
https://laws.boe.gov.sa/BoeLaws/Laws/LawDetails/d6bd59f3-b94c-4b6e-8ced-a9a700f2c955/1,نظام رسوم وأجور خدمات الموانئ
https://laws.boe.gov.sa/BoeLaws/Laws/LawDetails/b93d0275-775f-482a-9d52-a9a700f2ca15/1,نظام (قانون) الجمارك الموحد لدول مجلس التعاون لدول الخليج العربية
https://laws.boe.gov.sa/BoeLaws/Laws/LawDetails/23576008-1ce4-4685-ac3e-a9a700f2cb02/1,نظام ضريبة الدخل
https://laws.boe.gov.sa/BoeLaws/Laws/LawDetails/456ab486-9c16-4c7b-993c-a9a700f2cc4a/1,نظام تعريفة الطيران المدني
https://laws.boe.gov.sa/BoeLaws/Laws/LawDetails/86f03d34-3650-4553-b6a0-a9a700f2cdae/1,نظام الإيداع في المخازن العامة
https://laws.boe.gov.sa/BoeLaws/Laws/LawDetails/90b81287-baab-4f66-a9c1-a9a700f2ce78/1,نظام البنك السعودي للتسليف والادخار ( بنك التنمية الاجتماعية )
https://laws.boe.gov.sa/BoeLaws/Laws/LawDetails/c2c05ee1-201a-48de-91e7-a9a700f2d14f/1,نظام المنافسات والمشتريات الحكومية
https://laws.boe.gov.sa/BoeLaws/Laws/LawDetails/63dc01a6-fc5c-4600-9171-a9a700f2d222/1,نظام المعلومات الائتمانية
https://laws.boe.gov.sa/BoeLaws/Laws/LawDetails/1603064a-ab7e-48eb-9564-a9a700f2d2e0/1,نظام النقد العربى السعودى
https://laws.boe.gov.sa/BoeLaws/Laws/LawDetails/59d8016f-daa9-463b-8a5d-a9a700f2d3eb/1,نظام رسوم تسجيل السفن والوحدات العائمة
https://laws.boe.gov.sa/BoeLaws/Laws/LawDetails/8b100aee-54a5-48c1-9866-a9a700f2d539/1,نظام إيرادات الدولة
https://laws.boe.gov.sa/BoeLaws/Laws/LawDetails/88254f6b-0311-4ed2-be96-a9a700f2d6f2/1,نظام التمويل العقاري
https://laws.boe.gov.sa/BoeLaws/Laws/LawDetails/9b61c9c0-71e2-4096-a3da-a9a700f2d79a/1,نظام الايجار التمويلي
https://laws.boe.gov.sa/BoeLaws/Laws/LawDetails/f53c97f5-d253-4828-89d4-a9a700f2d829/1,نظام مراقبة شركات التمويل
https://laws.boe.gov.sa/BoeLaws/Laws/LawDetails/bf568515-eef9-4356-9d52-a9a700f2d8c3/1,نظام الرهن العقاري المسجل
https://laws.boe.gov.sa/BoeLaws/Laws/LawDetails/fd30f9c7-8606-4367-bb22-a9a700f2d952/1,نظام وظائف مباشرة الأموال العامة
https://laws.boe.gov.sa/BoeLaws/Laws/LawDetails/a292ec7e-85fb-4ceb-9ad0-ac9200ced829/1,نظام البنك المركزي السعودي
https://laws.boe.gov.sa/BoeLaws/Laws/LawDetails/a8ebff8e-412c-4f67-ac5f-b1ca008d18d9/1,نظام هيئة الرقابة ومكافحة الفساد
https://laws.boe.gov.sa/BoeLaws/Laws/LawDetails/cddb94e2-167b-4158-af5f-a9a700f2de58/1,نظام نقابة السيارات
https://laws.boe.gov.sa/BoeLaws/Laws/LawDetails/748dc7f1-acae-43a2-b536-a9a700f2dfa3/1,نظام حماية خطوط السكك الحديدية
https://laws.boe.gov.sa/BoeLaws/Laws/LawDetails/21bbfc47-571d-4916-82b6-a9a700f2e06c/1,نظام المؤسسة العامة للخطوط الجوية العربية السعودية
https://laws.boe.gov.sa/BoeLaws/Laws/LawDetails/b680a5b2-1ed3-4014-9f49-a9a700f2e298/1,نظام الموانئ والمرافئ والمنائر البحرية
https://laws.boe.gov.sa/BoeLaws/Laws/LawDetails/db0851bf-16ee-41d5-b87f-a9a700f2e35d/1,نظام المؤسسة العامة للموانئ السعودية
https://laws.boe.gov.sa/BoeLaws/Laws/LawDetails/35c24150-3c9e-4031-8f52-a9a700f2e443/1,نظام النقل العام على الطرق بالمملكة العربية السعودية
https://laws.boe.gov.sa/BoeLaws/Laws/LawDetails/87aa6473-8e77-4dc5-b45d-a9a700f2e50f/1,نظام البريد 1406هـ
https://laws.boe.gov.sa/BoeLaws/Laws/LawDetails/33ef05e2-f53e-4340-b5cb-a9a700f2ead1/1,نظام الطيران المدني
https://laws.boe.gov.sa/BoeLaws/Laws/LawDetails/25df73d6-0f49-4dc5-b010-a9a700f2ec1d/1,نظام مكافحة جرائم المعلوماتية
https://laws.boe.gov.sa/BoeLaws/Laws/LawDetails/6f509360-2c39-4358-ae2a-a9a700f2ed16/1,نظام التعاملات الإلكترونية
https://laws.boe.gov.sa/BoeLaws/Laws/LawDetails/4eb4bd77-cb8e-461d-b5bd-a9a700f2ee03/1,نظام المؤسسة العامة لخطوط حديد حكومة المملكة العربية السعودية
https://laws.boe.gov.sa/BoeLaws/Laws/LawDetails/43344715-1e0d-4e7f-9895-aa3d00f670e6/1,النظام البحري التجاري
https://laws.boe.gov.sa/BoeLaws/Laws/LawDetails/8ca91427-5be7-4807-80ae-adc700a97f0d/1,نظام البريد
https://laws.boe.gov.sa/BoeLaws/Laws/LawDetails/ae610645-e094-48ef-814e-aeb4009d244f/1,نظام الاتصالات وتقنية المعلومات
https://laws.boe.gov.sa/BoeLaws/Laws/LawDetails/302fe435-6f39-4170-b12b-b13700bf55bd/1,نظام الخطوط الحديدية
